{"cameraMode":{"drawMode":0,"name":"Shaded","section":"Shading Mode"},"sceneLighting":false,"audioPlay":false,"sceneViewState":{"m_AlwaysRefresh":false,"showFog":false,"showSkybox":false,"showFlares":true,"showImageEffects":true,"showParticleSystems":true,"showVisualEffectGraphs":true,"m_FxEnabled":true},"in2DMode":false,"pivot":{"x":-0.03830981254577637,"y":-6.924394130706787,"z":-6.528186321258545},"rotation":{"x":0.005676884204149246,"y":0.9654490947723389,"z":-0.25980719923973086,"w":0.029642818495631219},"size":0.9832075834274292,"orthographic":true}