{"cameraMode":{"drawMode":0,"name":"Shaded","section":"Shading Mode"},"sceneLighting":false,"audioPlay":false,"sceneViewState":{"m_AlwaysRefresh":false,"showFog":false,"showSkybox":false,"showFlares":true,"showImageEffects":true,"showParticleSystems":true,"showVisualEffectGraphs":true,"m_FxEnabled":true},"in2DMode":false,"pivot":{"x":0.20040996372699738,"y":0.5523499846458435,"z":-0.2319975048303604},"rotation":{"x":-0.03230681270360947,"y":-0.9672459363937378,"z":0.1959114968776703,"w":-0.16045908629894257},"size":0.5967708230018616,"orthographic":false}