{"cameraMode":{"drawMode":0,"name":"Shaded","section":"Shading Mode"},"sceneLighting":false,"audioPlay":false,"sceneViewState":{"m_AlwaysRefresh":false,"showFog":true,"showSkybox":false,"showFlares":true,"showImageEffects":true,"showParticleSystems":true,"showVisualEffectGraphs":true,"m_FxEnabled":true},"in2DMode":false,"pivot":{"x":0.08453337848186493,"y":1.6074501276016236,"z":0.3983100950717926},"rotation":{"x":-0.003436782630160451,"y":-0.9905507564544678,"z":0.1348639279603958,"w":-0.027680393308401109},"size":0.399996817111969,"orthographic":false}