{"cameraMode":{"drawMode":0,"name":"Shaded","section":"Shading Mode"},"sceneLighting":false,"audioPlay":false,"sceneViewState":{"m_AlwaysRefresh":false,"showFog":true,"showSkybox":false,"showFlares":true,"showImageEffects":true,"showParticleSystems":true,"showVisualEffectGraphs":true,"m_FxEnabled":true},"in2DMode":false,"pivot":{"x":-0.0773358941078186,"y":1.901315450668335,"z":31.85952377319336},"rotation":{"x":0.0043799555860459808,"y":-0.9945908188819885,"z":-0.04295772686600685,"w":-0.09515312314033508},"size":2.4999966621398927,"orthographic":false}