{"cameraMode":{"drawMode":0,"name":"Shaded","section":"Shading Mode"},"sceneLighting":false,"audioPlay":false,"sceneViewState":{"m_AlwaysRefresh":false,"showFog":true,"showSkybox":false,"showFlares":true,"showImageEffects":true,"showParticleSystems":true,"showVisualEffectGraphs":true,"m_FxEnabled":true},"in2DMode":false,"pivot":{"x":0.08453337848186493,"y":1.6074501276016236,"z":0.3983100950717926},"rotation":{"x":0.003035979112610221,"y":-0.9973393678665161,"z":0.0557028129696846,"w":0.0484982430934906},"size":0.9999968409538269,"orthographic":false}