{"cameraMode":{"drawMode":0,"name":"Shaded","section":"Shading Mode"},"sceneLighting":true,"audioPlay":false,"sceneViewState":{"m_AlwaysRefresh":false,"showFog":false,"showSkybox":true,"showFlares":true,"showImageEffects":true,"showParticleSystems":true,"showVisualEffectGraphs":true,"m_FxEnabled":true},"in2DMode":false,"pivot":{"x":-1.9628753662109376,"y":0.35091906785964968,"z":17.700000762939454},"rotation":{"x":0.03855012729763985,"y":-0.836661696434021,"z":0.5437789559364319,"w":0.05988718941807747},"size":7.918737888336182,"orthographic":false}