{"cameraMode":{"drawMode":0,"name":"Shaded","section":"Shading Mode"},"sceneLighting":true,"audioPlay":false,"sceneViewState":{"m_AlwaysRefresh":false,"showFog":false,"showSkybox":true,"showFlares":true,"showImageEffects":true,"showParticleSystems":true,"showVisualEffectGraphs":true,"m_FxEnabled":true},"in2DMode":false,"pivot":{"x":-0.08580183982849121,"y":1.4105162620544434,"z":2.859999895095825},"rotation":{"x":-0.19264616072177888,"y":0.016725586727261545,"z":-0.00313381920568645,"w":-0.9815043210983276},"size":6.391598224639893,"orthographic":true}