{"cameraMode":{"drawMode":0,"name":"Shaded","section":"Shading Mode"},"sceneLighting":true,"audioPlay":false,"sceneViewState":{"m_AlwaysRefresh":false,"showFog":false,"showSkybox":true,"showFlares":true,"showImageEffects":true,"showParticleSystems":true,"showVisualEffectGraphs":true,"m_FxEnabled":true},"in2DMode":false,"pivot":{"x":-0.08580183982849121,"y":5.940516471862793,"z":-1.6314520835876465},"rotation":{"x":-0.34079137444496157,"y":-0.051528286188840869,"z":0.01992427557706833,"w":-0.938708484172821},"size":4.8217949867248539,"orthographic":true}