{"cameraMode":{"drawMode":0,"name":"Shaded","section":"Shading Mode"},"sceneLighting":true,"audioPlay":false,"sceneViewState":{"m_AlwaysRefresh":false,"showFog":false,"showSkybox":true,"showFlares":true,"showImageEffects":true,"showParticleSystems":true,"showVisualEffectGraphs":true,"m_FxEnabled":true},"in2DMode":false,"pivot":{"x":-0.3999999761581421,"y":-4.968400001525879,"z":-1.5024000406265259},"rotation":{"x":-0.21206992864608766,"y":-0.21872065961360932,"z":0.04891163855791092,"w":-0.9515967965126038},"size":0.6997659802436829,"orthographic":false}