{"cameraMode":{"drawMode":0,"name":"Shaded","section":"Shading Mode"},"sceneLighting":true,"audioPlay":false,"sceneViewState":{"m_AlwaysRefresh":false,"showFog":false,"showSkybox":true,"showFlares":true,"showImageEffects":true,"showParticleSystems":true,"showVisualEffectGraphs":true,"m_FxEnabled":true},"in2DMode":false,"pivot":{"x":1.5807597637176514,"y":2.5817556381225588,"z":30.96647834777832},"rotation":{"x":0.0023805524688214065,"y":0.9967699646949768,"z":-0.05574667081236839,"w":0.06019824370741844},"size":3.2609777450561525,"orthographic":true}