{"cameraMode":{"drawMode":0,"name":"Shaded","section":"Shading Mode"},"sceneLighting":true,"audioPlay":false,"sceneViewState":{"m_AlwaysRefresh":false,"showFog":false,"showSkybox":true,"showFlares":true,"showImageEffects":true,"showParticleSystems":true,"showVisualEffectGraphs":true,"m_FxEnabled":true},"in2DMode":false,"pivot":{"x":1.4971246719360352,"y":0.09545952081680298,"z":2.717013359069824},"rotation":{"x":-0.002791881561279297,"y":-0.9623172283172607,"z":0.27288416028022768,"w":-0.011451118625700474},"size":4.573541164398193,"orthographic":true}