{"cameraMode":{"drawMode":0,"name":"Shaded","section":"Shading Mode"},"sceneLighting":true,"audioPlay":false,"sceneViewState":{"m_AlwaysRefresh":false,"showFog":false,"showSkybox":true,"showFlares":true,"showImageEffects":true,"showParticleSystems":true,"showVisualEffectGraphs":true,"m_FxEnabled":true},"in2DMode":false,"pivot":{"x":2.682209014892578e-7,"y":1.1524362564086915,"z":-7.925899505615234},"rotation":{"x":0.12890444695949555,"y":-0.03637191280722618,"z":0.004768235608935356,"w":0.9912985563278198},"size":4.918976783752441,"orthographic":true}