{"cameraMode":{"drawMode":0,"name":"Shaded","section":"Shading Mode"},"sceneLighting":true,"audioPlay":false,"sceneViewState":{"m_AlwaysRefresh":false,"showFog":false,"showSkybox":true,"showFlares":true,"showImageEffects":true,"showParticleSystems":true,"showVisualEffectGraphs":true,"m_FxEnabled":true},"in2DMode":false,"pivot":{"x":726.7745361328125,"y":380.895263671875,"z":-12.10009765625},"rotation":{"x":0.0011888263979926706,"y":-0.04149604216217995,"z":-0.00005942182178841904,"w":-0.9995200634002686},"size":470.05670166015627,"orthographic":true}