{"cameraMode":{"drawMode":0,"name":"Shaded","section":"Shading Mode"},"sceneLighting":true,"audioPlay":false,"sceneViewState":{"m_AlwaysRefresh":false,"showFog":false,"showSkybox":true,"showFlares":true,"showImageEffects":true,"showParticleSystems":true,"showVisualEffectGraphs":true,"m_FxEnabled":true},"in2DMode":false,"pivot":{"x":-0.0028752684593200685,"y":-0.0845404863357544,"z":0.9870132207870483},"rotation":{"x":0.01329725980758667,"y":0.9851033091545105,"z":-0.14321185648441316,"w":0.09552481770515442},"size":13.04818344116211,"orthographic":false}