{"cameraMode":{"drawMode":0,"name":"Shaded","section":"Shading Mode"},"sceneLighting":true,"audioPlay":false,"sceneViewState":{"m_AlwaysRefresh":false,"showFog":false,"showSkybox":true,"showFlares":true,"showImageEffects":true,"showParticleSystems":true,"showVisualEffectGraphs":true,"m_FxEnabled":true},"in2DMode":false,"pivot":{"x":-3.978726387023926,"y":-6.900000095367432,"z":-2.376185894012451},"rotation":{"x":-0.11858309805393219,"y":0.020028185099363328,"z":-0.00008043195703066885,"w":-0.9929977059364319},"size":2.9086978435516359,"orthographic":true}