{"cameraMode":{"drawMode":0,"name":"Shaded","section":"Shading Mode"},"sceneLighting":true,"audioPlay":false,"sceneViewState":{"m_AlwaysRefresh":false,"showFog":false,"showSkybox":true,"showFlares":true,"showImageEffects":true,"showParticleSystems":true,"showVisualEffectGraphs":true,"m_FxEnabled":true},"in2DMode":false,"pivot":{"x":3.639899730682373,"y":2.1827304363250734,"z":-0.5241252183914185},"rotation":{"x":-0.19698743522167207,"y":-0.01892497017979622,"z":0.005162294488400221,"w":-0.9804046750068665},"size":1.6612374782562256,"orthographic":true}