{"cameraMode":{"drawMode":0,"name":"Shaded","section":"Shading Mode"},"sceneLighting":true,"audioPlay":false,"sceneViewState":{"m_AlwaysRefresh":false,"showFog":false,"showSkybox":true,"showFlares":true,"showImageEffects":true,"showParticleSystems":true,"showVisualEffectGraphs":true,"m_FxEnabled":true},"in2DMode":false,"pivot":{"x":-4.788509368896484,"y":0.6800000071525574,"z":23.399999618530275},"rotation":{"x":-0.000331663090037182,"y":-0.9238334894180298,"z":0.38334202766418459,"w":-0.006523496005684137},"size":6.428875923156738,"orthographic":true}