{"cameraMode":{"drawMode":0,"name":"Shaded","section":"Shading Mode"},"sceneLighting":true,"audioPlay":false,"sceneViewState":{"m_AlwaysRefresh":false,"showFog":false,"showSkybox":true,"showFlares":true,"showImageEffects":true,"showParticleSystems":true,"showVisualEffectGraphs":true,"m_FxEnabled":true},"in2DMode":false,"pivot":{"x":5.524849891662598,"y":-6.179999828338623,"z":-1.4182794094085694},"rotation":{"x":-0.19264616072177888,"y":0.016725586727261545,"z":-0.00313381920568645,"w":-0.9815043210983276},"size":6.848086833953857,"orthographic":true}