{"cameraMode":{"drawMode":0,"name":"Shaded","section":"Shading Mode"},"sceneLighting":true,"audioPlay":false,"sceneViewState":{"m_AlwaysRefresh":false,"showFog":false,"showSkybox":true,"showFlares":true,"showImageEffects":true,"showParticleSystems":true,"showVisualEffectGraphs":true,"m_FxEnabled":true},"in2DMode":false,"pivot":{"x":0.5771470069885254,"y":-7.8417558670043949,"z":1.746866226196289},"rotation":{"x":0.014322993345558644,"y":0.9659637808799744,"z":-0.25219419598579409,"w":0.059374380856752399},"size":18.17321014404297,"orthographic":true}