{"cameraMode":{"drawMode":0,"name":"Shaded","section":"Shading Mode"},"sceneLighting":true,"audioPlay":false,"sceneViewState":{"m_AlwaysRefresh":false,"showFog":false,"showSkybox":true,"showFlares":true,"showImageEffects":true,"showParticleSystems":true,"showVisualEffectGraphs":true,"m_FxEnabled":true},"in2DMode":false,"pivot":{"x":-7.288509845733643,"y":1.3600003719329835,"z":20.899999618530275},"rotation":{"x":0.20556101202964784,"y":0.7911378145217896,"z":-0.36981308460235598,"w":0.44196364283561709},"size":8.230778694152832,"orthographic":false}