{"cameraMode":{"drawMode":0,"name":"Shaded","section":"Shading Mode"},"sceneLighting":true,"audioPlay":false,"sceneViewState":{"m_AlwaysRefresh":false,"showFog":false,"showSkybox":true,"showFlares":true,"showImageEffects":true,"showParticleSystems":true,"showVisualEffectGraphs":true,"m_FxEnabled":true},"in2DMode":false,"pivot":{"x":1.440000295639038,"y":5.270000457763672,"z":36.88999938964844},"rotation":{"x":-0.006397868972271681,"y":0.9929277300834656,"z":-0.10792505741119385,"w":-0.05152027681469917},"size":3.4243502616882326,"orthographic":false}