{"cameraMode":{"drawMode":0,"name":"Shaded","section":"Shading Mode"},"sceneLighting":true,"audioPlay":false,"sceneViewState":{"m_AlwaysRefresh":false,"showFog":false,"showSkybox":true,"showFlares":true,"showImageEffects":true,"showParticleSystems":true,"showVisualEffectGraphs":true,"m_FxEnabled":true},"in2DMode":false,"pivot":{"x":-1.9200000762939454,"y":1.9133003950119019,"z":5.736968040466309},"rotation":{"x":-0.10305030643939972,"y":-0.29238632321357729,"z":0.032733891159296039,"w":-0.9503740668296814},"size":14.542632102966309,"orthographic":true}