{"cameraMode":{"drawMode":0,"name":"Shaded","section":"Shading Mode"},"sceneLighting":true,"audioPlay":false,"sceneViewState":{"m_AlwaysRefresh":false,"showFog":false,"showSkybox":true,"showFlares":true,"showImageEffects":true,"showParticleSystems":true,"showVisualEffectGraphs":true,"m_FxEnabled":true},"in2DMode":false,"pivot":{"x":-0.08580183982849121,"y":5.940516471862793,"z":-1.6314520835876465},"rotation":{"x":-0.2670787274837494,"y":0.0005399506189860404,"z":0.0010170027380809188,"w":-0.9638612866401672},"size":4.8217949867248539,"orthographic":true}