{"cameraMode":{"drawMode":0,"name":"Shaded","section":"Shading Mode"},"sceneLighting":true,"audioPlay":false,"sceneViewState":{"m_AlwaysRefresh":false,"showFog":false,"showSkybox":true,"showFlares":true,"showImageEffects":true,"showParticleSystems":true,"showVisualEffectGraphs":true,"m_FxEnabled":true},"in2DMode":false,"pivot":{"x":2.682209014892578e-7,"y":0.5584362745285034,"z":-7.925899505615234},"rotation":{"x":-0.18357618153095246,"y":-0.042663197964429858,"z":0.009084736928343773,"w":-0.982247531414032},"size":4.269132137298584,"orthographic":true}