{"cameraMode":{"drawMode":0,"name":"Shaded","section":"Shading Mode"},"sceneLighting":true,"audioPlay":false,"sceneViewState":{"m_AlwaysRefresh":false,"showFog":false,"showSkybox":true,"showFlares":true,"showImageEffects":true,"showParticleSystems":true,"showVisualEffectGraphs":true,"m_FxEnabled":true},"in2DMode":false,"pivot":{"x":-0.8093114495277405,"y":1.4962670803070069,"z":31.93590545654297},"rotation":{"x":0.0005304443766362965,"y":-0.9936441779136658,"z":0.1140865907073021,"w":-0.00513735506683588},"size":4.522572040557861,"orthographic":true}