{"cameraMode":{"drawMode":0,"name":"Shaded","section":"Shading Mode"},"sceneLighting":true,"audioPlay":false,"sceneViewState":{"m_AlwaysRefresh":false,"showFog":false,"showSkybox":true,"showFlares":true,"showImageEffects":true,"showParticleSystems":true,"showVisualEffectGraphs":true,"m_FxEnabled":true},"in2DMode":false,"pivot":{"x":-0.08580183982849121,"y":5.940516471862793,"z":-1.6314520835876465},"rotation":{"x":-0.11836020648479462,"y":-0.2167690098285675,"z":0.027601411566138269,"w":-0.9688174724578857},"size":6.755597114562988,"orthographic":true}