{"cameraMode":{"drawMode":0,"name":"Shaded","section":"Shading Mode"},"sceneLighting":true,"audioPlay":false,"sceneViewState":{"m_AlwaysRefresh":false,"showFog":false,"showSkybox":true,"showFlares":true,"showImageEffects":true,"showParticleSystems":true,"showVisualEffectGraphs":true,"m_FxEnabled":true},"in2DMode":false,"pivot":{"x":-1.9200000762939454,"y":1.9133003950119019,"z":5.736968040466309},"rotation":{"x":-0.29112526774406435,"y":-0.42120271921157839,"z":0.14630286395549775,"w":-0.8466481566429138},"size":10.090895652770996,"orthographic":true}