{"cameraMode":{"drawMode":0,"name":"Shaded","section":"Shading Mode"},"sceneLighting":true,"audioPlay":false,"sceneViewState":{"m_AlwaysRefresh":false,"showFog":false,"showSkybox":true,"showFlares":true,"showImageEffects":true,"showParticleSystems":true,"showVisualEffectGraphs":true,"m_FxEnabled":true},"in2DMode":false,"pivot":{"x":5.211490631103516,"y":0.6800000071525574,"z":-1.6000003814697266},"rotation":{"x":-0.0010679761180654169,"y":0.986007809638977,"z":-0.16753916442394257,"w":-0.0007503801607526839},"size":3.254387617111206,"orthographic":false}