{"cameraMode":{"drawMode":0,"name":"Shaded","section":"Shading Mode"},"sceneLighting":true,"audioPlay":false,"sceneViewState":{"m_AlwaysRefresh":false,"showFog":false,"showSkybox":true,"showFlares":true,"showImageEffects":true,"showParticleSystems":true,"showVisualEffectGraphs":true,"m_FxEnabled":true},"in2DMode":false,"pivot":{"x":0.4286292791366577,"y":1.3951271772384644,"z":32.006717681884769},"rotation":{"x":0.01779736764729023,"y":0.959944486618042,"z":-0.2722611725330353,"w":0.06566470116376877},"size":1.3607275485992432,"orthographic":false}