{"cameraMode":{"drawMode":0,"name":"Shaded","section":"Shading Mode"},"sceneLighting":true,"audioPlay":false,"sceneViewState":{"m_AlwaysRefresh":false,"showFog":false,"showSkybox":true,"showFlares":true,"showImageEffects":true,"showParticleSystems":true,"showVisualEffectGraphs":true,"m_FxEnabled":true},"in2DMode":false,"pivot":{"x":0.4286292791366577,"y":1.3951271772384644,"z":32.006717681884769},"rotation":{"x":-0.010664256289601326,"y":-0.9834218621253967,"z":0.16868484020233155,"w":-0.06780301779508591},"size":2.860727310180664,"orthographic":false}