{"cameraMode":{"drawMode":0,"name":"Shaded","section":"Shading Mode"},"sceneLighting":true,"audioPlay":false,"sceneViewState":{"m_AlwaysRefresh":false,"showFog":false,"showSkybox":true,"showFlares":true,"showImageEffects":true,"showParticleSystems":true,"showVisualEffectGraphs":true,"m_FxEnabled":true},"in2DMode":false,"pivot":{"x":0.21149060130119325,"y":0.05999999865889549,"z":29.469999313354493},"rotation":{"x":0.16890646517276765,"y":-0.03702463209629059,"z":0.005903299432247877,"w":0.9850026965141296},"size":22.49253273010254,"orthographic":false}