{"cameraMode":{"drawMode":0,"name":"Shaded","section":"Shading Mode"},"sceneLighting":true,"audioPlay":false,"sceneViewState":{"m_AlwaysRefresh":false,"showFog":false,"showSkybox":true,"showFlares":true,"showImageEffects":true,"showParticleSystems":true,"showVisualEffectGraphs":true,"m_FxEnabled":true},"in2DMode":false,"pivot":{"x":-0.08580183982849121,"y":1.4105162620544434,"z":3.838547706604004},"rotation":{"x":-0.036687664687633517,"y":0.9412969350814819,"z":-0.31944793462753298,"w":-0.10426212847232819},"size":18.33201789855957,"orthographic":true}