{"cameraMode":{"drawMode":0,"name":"Shaded","section":"Shading Mode"},"sceneLighting":false,"audioPlay":false,"sceneViewState":{"m_AlwaysRefresh":false,"showFog":false,"showSkybox":false,"showFlares":true,"showImageEffects":true,"showParticleSystems":true,"showVisualEffectGraphs":true,"m_FxEnabled":true},"in2DMode":false,"pivot":{"x":-2.617124557495117,"y":0.4200000762939453,"z":0.7999999523162842},"rotation":{"x":0.10093424469232559,"y":0.8547007441520691,"z":-0.18277016282081605,"w":0.4755333960056305},"size":1.9187357425689698,"orthographic":false}