{"cameraMode":{"drawMode":0,"name":"Shaded","section":"Shading Mode"},"sceneLighting":false,"audioPlay":false,"sceneViewState":{"m_AlwaysRefresh":false,"showFog":false,"showSkybox":false,"showFlares":true,"showImageEffects":true,"showParticleSystems":true,"showVisualEffectGraphs":true,"m_FxEnabled":true},"in2DMode":false,"pivot":{"x":-0.8126460313796997,"y":0.006658315658569336,"z":-0.5904190540313721},"rotation":{"x":-0.15142607688903809,"y":-0.6919106245040894,"z":0.15221478044986726,"w":-0.6898530721664429},"size":1.5005075931549073,"orthographic":false}