{"cameraMode":{"drawMode":0,"name":"Shaded","section":"Shading Mode"},"sceneLighting":false,"audioPlay":false,"sceneViewState":{"m_AlwaysRefresh":false,"showFog":true,"showSkybox":false,"showFlares":true,"showImageEffects":true,"showParticleSystems":true,"showVisualEffectGraphs":true,"m_FxEnabled":true},"in2DMode":false,"pivot":{"x":-1.6180000305175782,"y":1.9552311897277833,"z":21.972389221191408},"rotation":{"x":-0.0004610688192769885,"y":-0.9567690491676331,"z":0.0017516798106953502,"w":-0.2909451723098755},"size":0.7588565945625305,"orthographic":false}