{"cameraMode":{"drawMode":0,"name":"Shaded","section":"Shading Mode"},"sceneLighting":false,"audioPlay":false,"sceneViewState":{"m_AlwaysRefresh":false,"showFog":true,"showSkybox":false,"showFlares":true,"showImageEffects":true,"showParticleSystems":true,"showVisualEffectGraphs":true,"m_FxEnabled":true},"in2DMode":false,"pivot":{"x":-2.130000114440918,"y":0.9588406085968018,"z":21.821374893188478},"rotation":{"x":-0.033019088208675387,"y":-0.9619555473327637,"z":0.13539107143878938,"w":-0.23511698842048646},"size":0.7761610746383667,"orthographic":false}