{"cameraMode":{"drawMode":0,"name":"Shaded","section":"Shading Mode"},"sceneLighting":false,"audioPlay":false,"sceneViewState":{"m_AlwaysRefresh":false,"showFog":true,"showSkybox":false,"showFlares":true,"showImageEffects":true,"showParticleSystems":true,"showVisualEffectGraphs":true,"m_FxEnabled":true},"in2DMode":false,"pivot":{"x":-1.6180000305175782,"y":1.9552311897277833,"z":21.972389221191408},"rotation":{"x":0.0029015291947871448,"y":-0.9605617523193359,"z":-0.009768586605787278,"w":-0.2779879868030548},"size":3.1588566303253176,"orthographic":false}