{"cameraMode":{"drawMode":0,"name":"Shaded","section":"Shading Mode"},"sceneLighting":false,"audioPlay":false,"sceneViewState":{"m_AlwaysRefresh":false,"showFog":true,"showSkybox":false,"showFlares":true,"showImageEffects":true,"showParticleSystems":true,"showVisualEffectGraphs":true,"m_FxEnabled":true},"in2DMode":false,"pivot":{"x":1.059999942779541,"y":0.5503089427947998,"z":32.0302734375},"rotation":{"x":0.00023649900685995817,"y":0.9830092191696167,"z":-0.1837671846151352,"w":0.0017867767019197345},"size":1.1594328880310059,"orthographic":false}