{"cameraMode":{"drawMode":0,"name":"Shaded","section":"Shading Mode"},"sceneLighting":false,"audioPlay":false,"sceneViewState":{"m_AlwaysRefresh":false,"showFog":false,"showSkybox":false,"showFlares":true,"showImageEffects":true,"showParticleSystems":true,"showVisualEffectGraphs":true,"m_FxEnabled":true},"in2DMode":false,"pivot":{"x":12.138376235961914,"y":1.9231497049331666,"z":12.399999618530274},"rotation":{"x":-0.02553352527320385,"y":-0.6933402419090271,"z":0.025830598548054696,"w":-0.7199787497520447},"size":2.716113328933716,"orthographic":true}