{"cameraMode":{"drawMode":0,"name":"Shaded","section":"Shading Mode"},"sceneLighting":false,"audioPlay":false,"sceneViewState":{"m_AlwaysRefresh":false,"showFog":false,"showSkybox":false,"showFlares":true,"showImageEffects":true,"showParticleSystems":true,"showVisualEffectGraphs":true,"m_FxEnabled":true},"in2DMode":false,"pivot":{"x":5.340599060058594,"y":1.1684361696243287,"z":-3.114100217819214},"rotation":{"x":0.00393766351044178,"y":0.9905225038528442,"z":-0.13337376713752747,"w":0.03637249395251274},"size":0.8819921612739563,"orthographic":false}