{"cameraMode":{"drawMode":0,"name":"Shaded","section":"Shading Mode"},"sceneLighting":false,"audioPlay":false,"sceneViewState":{"m_AlwaysRefresh":false,"showFog":false,"showSkybox":false,"showFlares":true,"showImageEffects":true,"showParticleSystems":true,"showVisualEffectGraphs":true,"m_FxEnabled":true},"in2DMode":false,"pivot":{"x":0.21149060130119325,"y":0.05999999865889549,"z":29.469999313354493},"rotation":{"x":0.07325533032417298,"y":0.9215808510780335,"z":-0.21570900082588197,"w":0.31451305747032168},"size":1.154388189315796,"orthographic":false}