{"cameraMode":{"drawMode":0,"name":"Shaded","section":"Shading Mode"},"sceneLighting":false,"audioPlay":false,"sceneViewState":{"m_AlwaysRefresh":false,"showFog":false,"showSkybox":false,"showFlares":true,"showImageEffects":true,"showParticleSystems":true,"showVisualEffectGraphs":true,"m_FxEnabled":true},"in2DMode":false,"pivot":{"x":5.21999979019165,"y":2.5542333126068117,"z":-3.5374739170074465},"rotation":{"x":-0.0028141133952885868,"y":0.9976511001586914,"z":-0.06321913748979569,"w":-0.03080546110868454},"size":0.8031203746795654,"orthographic":false}