{"cameraMode":{"drawMode":0,"name":"Shaded","section":"Shading Mode"},"sceneLighting":false,"audioPlay":false,"sceneViewState":{"m_AlwaysRefresh":false,"showFog":false,"showSkybox":false,"showFlares":true,"showImageEffects":true,"showParticleSystems":true,"showVisualEffectGraphs":true,"m_FxEnabled":true},"in2DMode":false,"pivot":{"x":-0.6199662685394287,"y":0.5001156330108643,"z":-0.05104604363441467},"rotation":{"x":-0.02515825256705284,"y":-0.3893636465072632,"z":0.010645183734595776,"w":-0.9210816025733948},"size":1.0008034706115723,"orthographic":false}