{"cameraMode":{"drawMode":0,"name":"Shaded","section":"Shading Mode"},"sceneLighting":false,"audioPlay":false,"sceneViewState":{"m_AlwaysRefresh":false,"showFog":false,"showSkybox":false,"showFlares":true,"showImageEffects":true,"showParticleSystems":true,"showVisualEffectGraphs":true,"m_FxEnabled":true},"in2DMode":false,"pivot":{"x":-0.6199662685394287,"y":0.5001156330108643,"z":-0.05104604363441467},"rotation":{"x":-0.11744678020477295,"y":-0.6841633319854736,"z":0.1132289469242096,"w":-0.7113679647445679},"size":1.0008034706115723,"orthographic":false}